{
  "timestamp": "2025-11-18T18:20:02.151002",
  "summary": {
    "线性回归": {
      "MAPE": 6.3096457435953806,
      "RMSE": 0.7698126683488123,
      "MAE": 0.6899196264283022
    },
    "Prophet": {
      "MAPE": 92.66682343408007,
      "RMSE": 11.987292760451139,
      "MAE": 10.542275582961992
    },
    "XGBoost": {
      "MAPE": 0.7239355296555148,
      "RMSE": 0.11611425934678517,
      "MAE": 0.08215083017333405
    },
    "集成模型": {
      "MAPE": 27.503774990173515,
      "RMSE": 3.604252518210221,
      "MAE": 3.1512270827193825
    }
  },
  "detailed_results": [
    {
      "good_id": 24021,
      "data_points": 884,
      "train_size": 618,
      "test_size": 266,
      "metrics": {
        "线性回归": {
          "MAPE": 12.494428804247793,
          "RMSE": 0.9723743508272138,
          "MAE": 0.9134282170127225
        },
        "Prophet": {
          "MAPE": 34.9099763836481,
          "RMSE": 2.9619778396190184,
          "MAE": 2.5449780817442718
        },
        "XGBoost": {
          "MAPE": 1.0783677058820476,
          "RMSE": 0.09201532409931194,
          "MAE": 0.07926344269200378
        },
        "集成模型": {
          "MAPE": 8.41748392730716,
          "RMSE": 0.7293855993780448,
          "MAE": 0.613115492630172
        }
      }
    },
    {
      "good_id": 24028,
      "data_points": 885,
      "train_size": 619,
      "test_size": 266,
      "metrics": {
        "线性回归": {
          "MAPE": 5.696823526929324,
          "RMSE": 0.6450293287380704,
          "MAE": 0.5844542129401695
        },
        "Prophet": {
          "MAPE": 296.54194465093065,
          "RMSE": 34.632139466388864,
          "MAE": 30.10908921826176
        },
        "XGBoost": {
          "MAPE": 1.6057513934661058,
          "RMSE": 0.20677333882995896,
          "MAE": 0.1645134564449915
        },
        "集成模型": {
          "MAPE": 89.71031803254698,
          "RMSE": 10.517384465186673,
          "MAE": 9.105877926747219
        }
      }
    },
    {
      "good_id": 24026,
      "data_points": 889,
      "train_size": 622,
      "test_size": 267,
      "metrics": {
        "线性回归": {
          "MAPE": 7.1583795063770035,
          "RMSE": 0.9802885845337106,
          "MAE": 0.9601701738338058
        },
        "Prophet": {
          "MAPE": 73.8181718547803,
          "RMSE": 10.963462047377293,
          "MAE": 9.966996844444946
        },
        "XGBoost": {
          "MAPE": 0.290567766406528,
          "RMSE": 0.06669927120249144,
          "MAE": 0.038946555348371305
        },
        "集成模型": {
          "MAPE": 20.725698872451552,
          "RMSE": 3.107498560483078,
          "MAE": 2.7996289325257018
        }
      }
    },
    {
      "good_id": 24029,
      "data_points": 885,
      "train_size": 619,
      "test_size": 266,
      "metrics": {
        "线性回归": {
          "MAPE": 1.689749086506083,
          "RMSE": 0.5852700239164427,
          "MAE": 0.4523060203276582
        },
        "Prophet": {
          "MAPE": 20.797066918788296,
          "RMSE": 6.286286696918978,
          "MAE": 5.615949006526514
        },
        "XGBoost": {
          "MAPE": 0.3429619590158634,
          "RMSE": 0.12023682779691651,
          "MAE": 0.09237016520105847
        },
        "集成模型": {
          "MAPE": 6.659398916757136,
          "RMSE": 2.010707791231506,
          "MAE": 1.7970218411008223
        }
      }
    },
    {
      "good_id": 24030,
      "data_points": 884,
      "train_size": 618,
      "test_size": 266,
      "metrics": {
        "线性回归": {
          "MAPE": 4.5088477939167015,
          "RMSE": 0.6661010537286246,
          "MAE": 0.5392395080271546
        },
        "Prophet": {
          "MAPE": 37.26695736225303,
          "RMSE": 5.092597751951547,
          "MAE": 4.474364763832462
        },
        "XGBoost": {
          "MAPE": 0.3020288235070294,
          "RMSE": 0.0948465348052469,
          "MAE": 0.035660531180245224
        },
        "集成模型": {
          "MAPE": 12.005975201804747,
          "RMSE": 1.6562861747718027,
          "MAE": 1.4404912205929978
        }
      }
    }
  ]
}